
--
-- Database: `multidb`
--

-- --------------------------------------------------------

--
-- Table structure for table `country`
--

CREATE TABLE `country` (
  `country_id` int(11) NOT NULL,
  `country_name` varchar(250) NOT NULL
) ENGINE=InnoDB DEFAULT CHARSET=latin1;

--
-- Dumping data for table `country`
--

INSERT INTO `country` (`country_id`, `country_name`) VALUES
(1, 'USA'),
(2, 'Canada'),
(3, 'Australia'),
(4, 'India');

--
-- Indexes for dumped tables
--

--
-- Indexes for table `country`
--
ALTER TABLE `country`
  ADD PRIMARY KEY (`country_id`);

--
-- AUTO_INCREMENT for dumped tables
--

--
-- AUTO_INCREMENT for table `country`
--
ALTER TABLE `country`
  MODIFY `country_id` int(11) NOT NULL AUTO_INCREMENT, AUTO_INCREMENT=5;

--
-- Table structure for table `state`
--

CREATE TABLE `state` (
  `state_id` int(11) NOT NULL,
  `country_id` int(11) NOT NULL,
  `state_name` varchar(250) NOT NULL
) ENGINE=InnoDB DEFAULT CHARSET=latin1;

--
-- Dumping data for table `state`
--

INSERT INTO `state` (`state_id`, `country_id`, `state_name`) VALUES
(1, 1, 'New York'),
(2, 1, 'Alabama'),
(3, 1, 'California'),
(4, 2, 'Ontario'),
(5, 2, 'British Columbia'),
(6, 3, 'New South Wales'),
(7, 3, 'Queensland'),
(8, 4, 'Karnataka'),
(9, 4, 'Telangana');

--
-- Indexes for dumped tables
--

--
-- Indexes for table `state`
--
ALTER TABLE `state`
  ADD PRIMARY KEY (`state_id`);

--
-- AUTO_INCREMENT for dumped tables
--

--
-- AUTO_INCREMENT for table `state`
--
ALTER TABLE `state`
  MODIFY `state_id` int(11) NOT NULL AUTO_INCREMENT, AUTO_INCREMENT=10;

--
-- Table structure for table `city`
--

CREATE TABLE `city` (
  `city_id` int(11) NOT NULL,
  `state_id` int(11) NOT NULL,
  `city_name` varchar(250) NOT NULL
) ENGINE=InnoDB DEFAULT CHARSET=latin1;

--
-- Dumping data for table `city`
--

INSERT INTO `city` (`city_id`, `state_id`, `city_name`) VALUES
(1, 1, 'New York city'),
(2, 1, 'Buffalo'),
(3, 1, 'Albany'),
(4, 2, 'Birmingham'),
(5, 2, 'Montgomery'),
(6, 2, 'Huntsville'),
(7, 3, 'Los Angeles'),
(8, 3, 'San Francisco'),
(9, 3, 'San Diego'),
(10, 4, 'Toronto'),
(11, 4, 'Ottawa'),
(12, 5, 'Vancouver'),
(13, 5, 'Victoria'),
(14, 6, 'Sydney'),
(15, 6, 'Newcastle'),
(16, 7, 'City of Brisbane'),
(17, 7, 'Gold Coast'),
(18, 8, 'Bangalore'),
(19, 8, 'Mangalore'),
(20, 9, 'Hydrabad'),
(21, 9, 'Warangal');

--
-- Indexes for dumped tables
--

--
-- Indexes for table `city`
--
ALTER TABLE `city`
  ADD PRIMARY KEY (`city_id`);

--
-- AUTO_INCREMENT for dumped tables
--

--
-- AUTO_INCREMENT for table `city`
--
ALTER TABLE `city`
  MODIFY `city_id` int(11) NOT NULL AUTO_INCREMENT, AUTO_INCREMENT=22;
